{
  "val": {
    "n_samples": 19990,
    "label_distribution": {
      "Safe": 14626,
      "Sharp Turn": 1471,
      "Oscillatory Motion": 3266,
      "High-Speed Risk": 609,
      "Near-Collision Risk": 18
    },
    "classification_report": "                     precision    recall  f1-score   support\n\n               Safe       1.00      1.00      1.00     14626\n         Sharp Turn       1.00      1.00      1.00      1471\n Oscillatory Motion       1.00      1.00      1.00      3266\n    High-Speed Risk       1.00      1.00      1.00       609\nNear-Collision Risk       1.00      1.00      1.00        18\n\n           accuracy                           1.00     19990\n          macro avg       1.00      1.00      1.00     19990\n       weighted avg       1.00      1.00      1.00     19990\n",
    "per_class_metrics": {
      "Safe": {
        "average_precision": 1.0,
        "brier_score": 0.00011379300761491858
      },
      "Sharp Turn": {
        "average_precision": 1.0,
        "brier_score": 0.00014304874659551998
      },
      "Oscillatory Motion": {
        "average_precision": 1.0,
        "brier_score": 7.849480295703407e-05
      },
      "High-Speed Risk": {
        "average_precision": 1.0,
        "brier_score": 5.044466677783335e-05
      },
      "Near-Collision Risk": {
        "average_precision": 1.0000000000000002,
        "brier_score": 1.4554499471958201e-05
      }
    }
  },
  "test": {
    "n_samples": 4998,
    "label_distribution": {
      "Safe": 3673,
      "Sharp Turn": 363,
      "Oscillatory Motion": 812,
      "High-Speed Risk": 144,
      "Near-Collision Risk": 6
    },
    "classification_report": "                     precision    recall  f1-score   support\n\n               Safe       1.00      1.00      1.00      3673\n         Sharp Turn       1.00      1.00      1.00       363\n Oscillatory Motion       1.00      1.00      1.00       812\n    High-Speed Risk       1.00      1.00      1.00       144\nNear-Collision Risk       1.00      1.00      1.00         6\n\n           accuracy                           1.00      4998\n          macro avg       1.00      1.00      1.00      4998\n       weighted avg       1.00      1.00      1.00      4998\n",
    "per_class_metrics": {
      "Safe": {
        "average_precision": 1.0,
        "brier_score": 5.128273531634877e-05
      },
      "Sharp Turn": {
        "average_precision": 1.0,
        "brier_score": 8.965586234493798e-05
      },
      "Oscillatory Motion": {
        "average_precision": 1.0,
        "brier_score": 4.6171802054155e-05
      },
      "High-Speed Risk": {
        "average_precision": 1.0,
        "brier_score": 2.5568004979769675e-05
      },
      "Near-Collision Risk": {
        "average_precision": 1.0,
        "brier_score": 2.2253345782757558e-06
      }
    }
  }
}