{
  "best_val_minADE": 1.4357523918151855,
  "final_val_minFDE": 3.2930941581726074,
  "test_minADE": 1.4444676637649536,
  "test_minFDE": 3.276813507080078,
  "val_safety_report": "                     precision    recall  f1-score   support\n\n               Safe       0.95      0.49      0.64     14599\n         Sharp Turn       0.06      0.21      0.10      1243\n Oscillatory Motion       0.39      0.83      0.53      3521\n    High-Speed Risk       0.59      0.66      0.62       609\nNear-Collision Risk       0.04      0.11      0.06        18\n\n           accuracy                           0.54     19990\n          macro avg       0.41      0.46      0.39     19990\n       weighted avg       0.78      0.54      0.59     19990\n",
  "test_safety_report": "                     precision    recall  f1-score   support\n\n               Safe       0.95      0.48      0.64      3669\n         Sharp Turn       0.05      0.19      0.09       300\n Oscillatory Motion       0.38      0.81      0.52       879\n    High-Speed Risk       0.48      0.62      0.54       144\nNear-Collision Risk       0.07      0.17      0.10         6\n\n           accuracy                           0.53      4998\n          macro avg       0.39      0.46      0.38      4998\n       weighted avg       0.78      0.53      0.58      4998\n"
}